,ss_id,pv_system_id,provider,installed_capacity_kw
0,2607,4383,solar_sheffield_passiv,2.94
1,2626,4430,solar_sheffield_passiv,3.6
2,2657,4531,solar_sheffield_passiv,4.0
3,2660,4569,solar_sheffield_passiv,4.0
4,2760,4777,solar_sheffield_passiv,2.94
5,2766,4789,solar_sheffield_passiv,2.25
6,2770,4813,solar_sheffield_passiv,4.0
7,2775,4834,solar_sheffield_passiv,3.22
8,2776,4837,solar_sheffield_passiv,2.94
9,2784,4872,solar_sheffield_passiv,3.92
10,2789,4895,solar_sheffield_passiv,3.92
11,2813,4965,solar_sheffield_passiv,4.0
12,2814,4969,solar_sheffield_passiv,4.0
13,2816,4976,solar_sheffield_passiv,4.0
14,2824,4998,solar_sheffield_passiv,3.5
15,2828,5026,solar_sheffield_passiv,3.92
16,2832,5041,solar_sheffield_passiv,3.96
17,2833,5064,solar_sheffield_passiv,4.0
18,2834,5065,solar_sheffield_passiv,4.0
19,2835,5070,solar_sheffield_passiv,2.0
20,2880,5180,solar_sheffield_passiv,4.0
21,2903,5235,solar_sheffield_passiv,3.75
22,2908,5251,solar_sheffield_passiv,2.94
23,2912,5289,solar_sheffield_passiv,2.22
24,2918,5305,solar_sheffield_passiv,2.94
25,2940,5347,solar_sheffield_passiv,3.92
26,2997,5491,solar_sheffield_passiv,2.94
27,2998,5506,solar_sheffield_passiv,3.75
28,3001,5517,solar_sheffield_passiv,3.29
29,3005,5536,solar_sheffield_passiv,2.2
30,3016,5587,solar_sheffield_passiv,3.92
31,3026,5660,solar_sheffield_passiv,3.92
32,3074,5785,solar_sheffield_passiv,3.92
33,3085,5826,solar_sheffield_passiv,3.0
34,3089,5842,solar_sheffield_passiv,1.96
35,3093,5857,solar_sheffield_passiv,3.92
36,3094,5869,solar_sheffield_passiv,3.33
37,3100,5938,solar_sheffield_passiv,3.92
38,3117,5987,solar_sheffield_passiv,4.0
39,3122,6060,solar_sheffield_passiv,3.96
40,3126,6109,solar_sheffield_passiv,3.0
41,3146,6197,solar_sheffield_passiv,3.96
42,3147,6198,solar_sheffield_passiv,2.88
43,3149,6209,solar_sheffield_passiv,3.96
44,3175,6297,solar_sheffield_passiv,3.76
45,3208,6407,solar_sheffield_passiv,3.96
46,3231,6481,solar_sheffield_passiv,2.16
47,3233,6484,solar_sheffield_passiv,3.99
48,3235,6495,solar_sheffield_passiv,3.96
49,3236,6496,solar_sheffield_passiv,3.96
50,3237,6499,solar_sheffield_passiv,3.06
51,3239,6512,solar_sheffield_passiv,1.98
52,3240,6520,solar_sheffield_passiv,2.52
53,3242,6524,solar_sheffield_passiv,3.96
54,3249,6560,solar_sheffield_passiv,3.99
55,3250,6565,solar_sheffield_passiv,3.99
56,3263,6711,solar_sheffield_passiv,3.99
57,3270,6770,solar_sheffield_passiv,3.99
58,3278,6810,solar_sheffield_passiv,3.99
59,3280,6825,solar_sheffield_passiv,3.99
60,3281,6826,solar_sheffield_passiv,2.66
61,3311,6989,solar_sheffield_passiv,3.92
62,3323,7058,solar_sheffield_passiv,3.61
63,3325,7060,solar_sheffield_passiv,2.94
64,3326,7065,solar_sheffield_passiv,3.99
65,3333,7129,solar_sheffield_passiv,1.9
66,3431,7577,solar_sheffield_passiv,3.99
67,3432,7578,solar_sheffield_passiv,1.71
68,3433,7586,solar_sheffield_passiv,2.66
69,3435,7592,solar_sheffield_passiv,3.96
70,3437,7603,solar_sheffield_passiv,2.66
71,3442,7638,solar_sheffield_passiv,2.47
72,3443,7643,solar_sheffield_passiv,3.04
73,3444,7646,solar_sheffield_passiv,3.99
74,3453,7689,solar_sheffield_passiv,3.96
75,3454,7701,solar_sheffield_passiv,2.85
76,3469,7747,solar_sheffield_passiv,2.28
77,3473,7756,solar_sheffield_passiv,2.47
78,3476,7798,solar_sheffield_passiv,3.96
79,3487,7860,solar_sheffield_passiv,3.96
80,3488,7869,solar_sheffield_passiv,2.09
81,3489,7874,solar_sheffield_passiv,3.99
82,3496,7897,solar_sheffield_passiv,3.99
83,3513,7948,solar_sheffield_passiv,3.24
84,3536,7998,solar_sheffield_passiv,3.92
85,3540,8018,solar_sheffield_passiv,2.47
86,3543,8026,solar_sheffield_passiv,2.66
87,3770,9457,solar_sheffield_passiv,2.82
88,3799,9548,solar_sheffield_passiv,2.35
89,3805,9575,solar_sheffield_passiv,3.76
90,3811,9683,solar_sheffield_passiv,3.76
91,3831,9816,solar_sheffield_passiv,3.01
92,3864,9968,solar_sheffield_passiv,3.8
93,3872,9996,solar_sheffield_passiv,3.99
94,3951,10095,solar_sheffield_passiv,3.99
95,3952,10100,solar_sheffield_passiv,3.99
96,4002,10235,solar_sheffield_passiv,2.94
97,4003,10240,solar_sheffield_passiv,3.99
98,4029,10310,solar_sheffield_passiv,2.66
99,4030,10312,solar_sheffield_passiv,3.23
100,4033,10358,solar_sheffield_passiv,3.96
101,4035,10362,solar_sheffield_passiv,2.88
102,4065,10830,solar_sheffield_passiv,1.92
103,4114,11156,solar_sheffield_passiv,3.99
104,4158,11294,solar_sheffield_passiv,3.99
105,4238,11916,solar_sheffield_passiv,3.84
106,4392,12888,solar_sheffield_passiv,3.84
107,4421,13327,solar_sheffield_passiv,3.99
108,4422,13383,solar_sheffield_passiv,3.84
109,4476,13835,solar_sheffield_passiv,3.99
110,4480,14022,solar_sheffield_passiv,3.84
111,5177,16629,solar_sheffield_passiv,3.825
112,5265,16940,solar_sheffield_passiv,3.04
113,5372,17287,solar_sheffield_passiv,3.99
114,5427,17413,solar_sheffield_passiv,2.4
115,5429,17416,solar_sheffield_passiv,3.92
116,5444,17451,solar_sheffield_passiv,2.09
117,5512,17754,solar_sheffield_passiv,2.7
118,5597,17984,solar_sheffield_passiv,1.96
119,5754,18415,solar_sheffield_passiv,1.96
120,5778,18469,solar_sheffield_passiv,3.84
121,5780,18472,solar_sheffield_passiv,3.42
122,5803,18583,solar_sheffield_passiv,4.0
123,5826,18632,solar_sheffield_passiv,3.84
124,5895,18856,solar_sheffield_passiv,3.99
125,5900,18889,solar_sheffield_passiv,3.99
126,5908,18912,solar_sheffield_passiv,3.99
127,5974,19077,solar_sheffield_passiv,3.99
128,6011,19184,solar_sheffield_passiv,3.29
129,6035,19229,solar_sheffield_passiv,3.99
130,6049,19260,solar_sheffield_passiv,3.92
131,6075,19339,solar_sheffield_passiv,3.99
132,6093,19408,solar_sheffield_passiv,3.0
133,6094,19411,solar_sheffield_passiv,3.92
134,6126,19590,solar_sheffield_passiv,3.92
135,6127,19609,solar_sheffield_passiv,3.84
136,6336,20495,solar_sheffield_passiv,4.0
137,6362,20588,solar_sheffield_passiv,3.92
138,6363,20589,solar_sheffield_passiv,3.92
139,6364,20591,solar_sheffield_passiv,2.47
140,6409,20716,solar_sheffield_passiv,3.92
141,6410,20724,solar_sheffield_passiv,3.84
142,6424,20919,solar_sheffield_passiv,3.99
143,6425,20923,solar_sheffield_passiv,3.04
144,6427,20933,solar_sheffield_passiv,4.0
145,6433,20966,solar_sheffield_passiv,3.84
146,6441,20986,solar_sheffield_passiv,4.0
147,6442,20987,solar_sheffield_passiv,3.84
148,6452,21044,solar_sheffield_passiv,3.84
149,6489,21193,solar_sheffield_passiv,3.99
150,6490,21196,solar_sheffield_passiv,3.99
151,6493,21201,solar_sheffield_passiv,3.84
152,6494,21203,solar_sheffield_passiv,3.84
153,6498,21240,solar_sheffield_passiv,4.0
154,6504,21252,solar_sheffield_passiv,2.88
155,6567,21629,solar_sheffield_passiv,3.84
156,6573,21651,solar_sheffield_passiv,3.84
157,6575,21668,solar_sheffield_passiv,3.0
158,6576,21669,solar_sheffield_passiv,2.73
159,6577,21670,solar_sheffield_passiv,4.0
160,6597,21710,solar_sheffield_passiv,3.84
161,6601,21725,solar_sheffield_passiv,3.84
162,6605,21732,solar_sheffield_passiv,3.84
163,6609,21785,solar_sheffield_passiv,2.34
164,6610,21806,solar_sheffield_passiv,3.99
165,6613,21830,solar_sheffield_passiv,2.88
166,6614,21836,solar_sheffield_passiv,4.0
167,6616,21842,solar_sheffield_passiv,1.17
168,6618,21845,solar_sheffield_passiv,4.0
169,6629,21887,solar_sheffield_passiv,2.5
170,6633,21917,solar_sheffield_passiv,2.0
171,6634,21918,solar_sheffield_passiv,2.0
172,6640,21939,solar_sheffield_passiv,3.84
173,6641,21941,solar_sheffield_passiv,1.92
174,6646,21972,solar_sheffield_passiv,4.0
175,6648,21981,solar_sheffield_passiv,2.0
176,6656,21993,solar_sheffield_passiv,3.84
177,6663,22040,solar_sheffield_passiv,4.0
178,6665,22094,solar_sheffield_passiv,4.0
179,6667,22106,solar_sheffield_passiv,4.0
180,6669,22132,solar_sheffield_passiv,1.5
181,6671,22185,solar_sheffield_passiv,4.0
182,6672,22214,solar_sheffield_passiv,4.0
183,6673,22220,solar_sheffield_passiv,1.56
184,6676,22238,solar_sheffield_passiv,2.0
185,6677,22241,solar_sheffield_passiv,1.56
186,6678,22242,solar_sheffield_passiv,1.56
187,6682,22299,solar_sheffield_passiv,4.0
188,6727,22506,solar_sheffield_passiv,4.0
189,6729,22510,solar_sheffield_passiv,4.0
190,6748,22556,solar_sheffield_passiv,4.0
191,6780,22679,solar_sheffield_passiv,2.4
192,6785,22693,solar_sheffield_passiv,3.0
193,6789,22711,solar_sheffield_passiv,4.0
194,6794,22718,solar_sheffield_passiv,4.0
195,6796,22757,solar_sheffield_passiv,1.8
196,6800,22775,solar_sheffield_passiv,4.0
197,6801,22776,solar_sheffield_passiv,3.75
198,6807,22867,solar_sheffield_passiv,4.0
199,6815,22905,solar_sheffield_passiv,3.5
200,6817,22922,solar_sheffield_passiv,3.9
201,6827,22990,solar_sheffield_passiv,4.0
202,6830,22994,solar_sheffield_passiv,3.0
203,6834,23030,solar_sheffield_passiv,3.0
204,6835,23039,solar_sheffield_passiv,3.99
205,6839,23096,solar_sheffield_passiv,3.6
206,6842,23118,solar_sheffield_passiv,3.04
207,6845,23132,solar_sheffield_passiv,3.75
208,6848,23148,solar_sheffield_passiv,4.0
209,6856,23181,solar_sheffield_passiv,3.99
210,6862,23283,solar_sheffield_passiv,4.0
211,6867,23301,solar_sheffield_passiv,2.88
212,6869,23304,solar_sheffield_passiv,3.25
213,6871,23309,solar_sheffield_passiv,4.0
214,6873,23314,solar_sheffield_passiv,2.16
215,6875,23319,solar_sheffield_passiv,4.0
216,6880,23359,solar_sheffield_passiv,4.0
217,6882,23374,solar_sheffield_passiv,4.0
218,6891,23435,solar_sheffield_passiv,4.0
219,6892,23441,solar_sheffield_passiv,4.0
220,6917,23544,solar_sheffield_passiv,3.99
221,6928,23607,solar_sheffield_passiv,3.99
222,6932,23686,solar_sheffield_passiv,3.99
223,6938,23702,solar_sheffield_passiv,3.99
224,6949,23742,solar_sheffield_passiv,3.99
225,6961,23837,solar_sheffield_passiv,3.99
226,6962,23839,solar_sheffield_passiv,3.99
227,6966,23880,solar_sheffield_passiv,1.92
228,6975,23908,solar_sheffield_passiv,3.9
229,6979,23958,solar_sheffield_passiv,1.36
230,6990,23991,solar_sheffield_passiv,1.96
231,6991,23999,solar_sheffield_passiv,2.94
232,6994,24008,solar_sheffield_passiv,3.885
233,6998,24026,solar_sheffield_passiv,2.4
234,7001,24042,solar_sheffield_passiv,3.92
235,7017,24149,solar_sheffield_passiv,3.92
236,7019,24183,solar_sheffield_passiv,4.0
237,7025,24237,solar_sheffield_passiv,3.92
238,7033,24294,solar_sheffield_passiv,3.92
239,7043,24338,solar_sheffield_passiv,3.92
240,7044,24342,solar_sheffield_passiv,3.92
241,7050,24366,solar_sheffield_passiv,2.5
242,7060,24444,solar_sheffield_passiv,3.92
243,7061,24446,solar_sheffield_passiv,3.92
244,7085,24567,solar_sheffield_passiv,3.92
245,7088,24579,solar_sheffield_passiv,3.92
246,7090,24586,solar_sheffield_passiv,3.92
247,7093,24596,solar_sheffield_passiv,3.92
248,7116,24849,solar_sheffield_passiv,2.88
249,7119,24873,solar_sheffield_passiv,3.92
250,7120,24880,solar_sheffield_passiv,3.92
251,7136,24992,solar_sheffield_passiv,3.92
252,7149,25087,solar_sheffield_passiv,1.92
253,7151,25128,solar_sheffield_passiv,3.92
254,7152,25129,solar_sheffield_passiv,3.92
255,7159,25194,solar_sheffield_passiv,3.92
256,7163,25210,solar_sheffield_passiv,3.0
257,7166,25221,solar_sheffield_passiv,4.0
258,7171,25325,solar_sheffield_passiv,1.71
259,7173,25445,solar_sheffield_passiv,2.0
260,7176,25526,solar_sheffield_passiv,4.0
261,7177,25726,solar_sheffield_passiv,4.0
262,7184,26066,solar_sheffield_passiv,4.0
263,7190,26075,solar_sheffield_passiv,3.5
264,7194,26189,solar_sheffield_passiv,1.5
265,7199,26365,solar_sheffield_passiv,4.0
266,7202,26473,solar_sheffield_passiv,4.0
267,7213,26547,solar_sheffield_passiv,3.0
268,7229,27085,solar_sheffield_passiv,2.5
269,7230,27086,solar_sheffield_passiv,4.0
270,7239,27208,solar_sheffield_passiv,2.04
271,7240,27308,solar_sheffield_passiv,3.5
272,7243,27347,solar_sheffield_passiv,4.0
273,7245,27351,solar_sheffield_passiv,4.0
274,7247,27368,solar_sheffield_passiv,2.5
275,7248,27411,solar_sheffield_passiv,4.0
276,7274,27685,solar_sheffield_passiv,3.25
277,7275,27707,solar_sheffield_passiv,1.5
278,7276,27710,solar_sheffield_passiv,3.92
279,7286,27770,solar_sheffield_passiv,3.92
280,7287,27778,solar_sheffield_passiv,3.0
281,7290,27787,solar_sheffield_passiv,3.92
282,7291,27788,solar_sheffield_passiv,3.0
283,7312,27934,solar_sheffield_passiv,4.0
284,7313,27935,solar_sheffield_passiv,2.5
285,7317,27944,solar_sheffield_passiv,2.5
286,7338,28085,solar_sheffield_passiv,3.92
287,7344,28129,solar_sheffield_passiv,1.52
288,7351,28171,solar_sheffield_passiv,3.92
289,7368,28405,solar_sheffield_passiv,1.5
290,7369,28407,solar_sheffield_passiv,3.92
291,7390,28563,solar_sheffield_passiv,3.06
292,7395,28586,solar_sheffield_passiv,3.92
293,7396,28587,solar_sheffield_passiv,3.92
294,7399,28646,solar_sheffield_passiv,3.92
295,7401,28765,solar_sheffield_passiv,3.92
296,7402,28766,solar_sheffield_passiv,2.94
297,7408,28825,solar_sheffield_passiv,3.92
298,7410,28847,solar_sheffield_passiv,2.55
299,7411,28856,solar_sheffield_passiv,2.94
300,7412,28863,solar_sheffield_passiv,2.55
301,7445,29018,solar_sheffield_passiv,3.92
302,7447,29026,solar_sheffield_passiv,3.92
303,7451,29047,solar_sheffield_passiv,3.92
304,7452,29070,solar_sheffield_passiv,3.92
305,7464,29366,solar_sheffield_passiv,3.92
306,7468,29516,solar_sheffield_passiv,3.92
307,7471,29546,solar_sheffield_passiv,3.92
308,7473,29552,solar_sheffield_passiv,3.92
309,7478,29811,solar_sheffield_passiv,4.0
310,7487,29927,solar_sheffield_passiv,3.0
311,7490,29946,solar_sheffield_passiv,2.25
312,7495,30027,solar_sheffield_passiv,4.0
313,7498,30085,solar_sheffield_passiv,3.92
314,7519,30286,solar_sheffield_passiv,3.0
315,7521,30305,solar_sheffield_passiv,4.0
316,7527,30527,solar_sheffield_passiv,3.0
317,7528,30528,solar_sheffield_passiv,1.75
318,7533,30669,solar_sheffield_passiv,2.5
319,7534,30705,solar_sheffield_passiv,3.5
320,7537,30765,solar_sheffield_passiv,3.5
321,7547,31157,solar_sheffield_passiv,3.0
322,7548,31167,solar_sheffield_passiv,3.0
323,7550,31186,solar_sheffield_passiv,4.0
324,7553,31225,solar_sheffield_passiv,4.0
325,7556,31261,solar_sheffield_passiv,2.5
326,7557,31291,solar_sheffield_passiv,4.0
327,7560,31347,solar_sheffield_passiv,4.0
328,7562,31355,solar_sheffield_passiv,4.0
329,7566,31368,solar_sheffield_passiv,4.0
330,7568,31396,solar_sheffield_passiv,3.0
331,7569,31449,solar_sheffield_passiv,3.25
332,7579,31466,solar_sheffield_passiv,4.0
333,7581,31485,solar_sheffield_passiv,4.0
334,7585,31516,solar_sheffield_passiv,3.0
335,7593,31565,solar_sheffield_passiv,4.0
336,7603,31650,solar_sheffield_passiv,3.5
337,7608,31675,solar_sheffield_passiv,2.75
338,7633,31754,solar_sheffield_passiv,2.0
339,7635,31756,solar_sheffield_passiv,3.0
340,7636,31758,solar_sheffield_passiv,3.0
341,7640,31905,solar_sheffield_passiv,4.0
342,7644,32166,solar_sheffield_passiv,4.0
343,7648,32505,solar_sheffield_passiv,3.0
344,7660,32885,solar_sheffield_passiv,3.5
345,7661,32925,solar_sheffield_passiv,2.94
346,7664,33206,solar_sheffield_passiv,3.0
347,7670,33507,solar_sheffield_passiv,2.0
348,7674,33747,solar_sheffield_passiv,3.0
349,7693,34466,solar_sheffield_passiv,3.0
350,7694,34507,solar_sheffield_passiv,2.5
351,7700,34536,solar_sheffield_passiv,2.5
352,7702,34544,solar_sheffield_passiv,3.0
353,7719,34648,solar_sheffield_passiv,3.0
354,7721,34652,solar_sheffield_passiv,3.0
355,7723,34727,solar_sheffield_passiv,2.0
356,7748,34965,solar_sheffield_passiv,3.75
357,7756,35146,solar_sheffield_passiv,1.75
358,7757,35147,solar_sheffield_passiv,4.0
359,7762,35208,solar_sheffield_passiv,2.0
360,7763,35210,solar_sheffield_passiv,4.0
361,7767,35287,solar_sheffield_passiv,4.0
362,7776,35487,solar_sheffield_passiv,2.5
363,7830,35745,solar_sheffield_passiv,3.0
364,7833,35905,solar_sheffield_passiv,2.5
365,7834,35967,solar_sheffield_passiv,3.0
366,7836,36005,solar_sheffield_passiv,3.0
367,7837,36045,solar_sheffield_passiv,2.5
368,7843,36125,solar_sheffield_passiv,2.0
369,7844,36205,solar_sheffield_passiv,3.0
370,7845,36265,solar_sheffield_passiv,2.25
371,7885,36688,solar_sheffield_passiv,2.0
372,7902,37010,solar_sheffield_passiv,2.0
373,7904,37027,solar_sheffield_passiv,3.0
374,7905,37031,solar_sheffield_passiv,2.5
375,7906,37045,solar_sheffield_passiv,3.0
376,7907,37047,solar_sheffield_passiv,3.0
377,7910,37145,solar_sheffield_passiv,3.5
378,7932,37306,solar_sheffield_passiv,1.5
379,8099,38406,solar_sheffield_passiv,2.0
380,8137,39085,solar_sheffield_passiv,2.0
381,8175,39565,solar_sheffield_passiv,2.0
382,8215,40025,solar_sheffield_passiv,4.0
383,8229,40425,solar_sheffield_passiv,2.0
384,8253,40674,solar_sheffield_passiv,3.5
385,8266,41085,solar_sheffield_passiv,3.0
386,8267,41105,solar_sheffield_passiv,3.75
387,8411,43665,solar_sheffield_passiv,2.5
388,8419,43865,solar_sheffield_passiv,3.0
389,8420,43905,solar_sheffield_passiv,2.0
390,8453,44667,solar_sheffield_passiv,3.5
391,8505,45285,solar_sheffield_passiv,3.64
392,8558,45745,solar_sheffield_passiv,2.0
393,8587,46265,solar_sheffield_passiv,2.0
394,8591,46365,solar_sheffield_passiv,2.0
395,8612,46685,solar_sheffield_passiv,2.5
396,8708,47407,solar_sheffield_passiv,3.0
397,8713,47447,solar_sheffield_passiv,2.5
398,8801,47587,solar_sheffield_passiv,2.5
399,8914,47756,solar_sheffield_passiv,3.0
400,9070,48008,solar_sheffield_passiv,3.0
401,9153,48227,solar_sheffield_passiv,3.76
402,9171,48287,solar_sheffield_passiv,2.5
403,9173,48290,solar_sheffield_passiv,2.5
404,9191,48382,solar_sheffield_passiv,3.0
405,9350,49377,solar_sheffield_passiv,3.0
406,9366,49517,solar_sheffield_passiv,3.0
407,9367,49598,solar_sheffield_passiv,3.0
408,9368,49657,solar_sheffield_passiv,2.5
409,9369,49678,solar_sheffield_passiv,3.0
410,9478,50579,solar_sheffield_passiv,2.0
411,9480,50637,solar_sheffield_passiv,2.0
412,9531,50878,solar_sheffield_passiv,3.0
413,9569,51437,solar_sheffield_passiv,4.0
414,9648,52137,solar_sheffield_passiv,3.0
415,9763,54981,solar_sheffield_passiv,2.5
416,9765,54985,solar_sheffield_passiv,2.75
417,9815,55197,solar_sheffield_passiv,3.0
418,9816,55259,solar_sheffield_passiv,3.0
419,9867,55657,solar_sheffield_passiv,2.0
420,9870,55721,solar_sheffield_passiv,2.5
421,9871,55757,solar_sheffield_passiv,2.0
422,9902,55977,solar_sheffield_passiv,3.5
423,9903,56017,solar_sheffield_passiv,3.0
424,10003,56677,solar_sheffield_passiv,2.0
425,10063,57157,solar_sheffield_passiv,3.0
426,10064,57217,solar_sheffield_passiv,3.0
427,10082,57357,solar_sheffield_passiv,2.0
428,10150,57606,solar_sheffield_passiv,2.0
429,10169,57702,solar_sheffield_passiv,2.5
430,10190,57939,solar_sheffield_passiv,3.0
431,10280,58367,solar_sheffield_passiv,4.0
432,10366,58599,solar_sheffield_passiv,2.0
433,10367,58600,solar_sheffield_passiv,2.0
434,10426,58982,solar_sheffield_passiv,2.0
435,10438,59059,solar_sheffield_passiv,3.0
436,10497,59371,solar_sheffield_passiv,1.5
437,10509,59517,solar_sheffield_passiv,3.0
438,10511,59577,solar_sheffield_passiv,2.5
439,10512,59578,solar_sheffield_passiv,2.5
440,10523,59877,solar_sheffield_passiv,2.5
441,10528,59917,solar_sheffield_passiv,3.0
442,10532,60219,solar_sheffield_passiv,3.0
443,10533,60299,solar_sheffield_passiv,3.0
444,10548,60462,solar_sheffield_passiv,3.0
445,10585,60658,solar_sheffield_passiv,2.5
446,10589,60797,solar_sheffield_passiv,1.5
447,10620,61157,solar_sheffield_passiv,2.0
448,10630,61459,solar_sheffield_passiv,3.0
449,10631,61460,solar_sheffield_passiv,3.0
450,10649,61591,solar_sheffield_passiv,2.0
451,10702,62557,solar_sheffield_passiv,2.0
452,10704,62717,solar_sheffield_passiv,3.0
453,10791,63917,solar_sheffield_passiv,3.92
454,10792,63937,solar_sheffield_passiv,2.5
455,10793,63938,solar_sheffield_passiv,3.0
456,10794,63940,solar_sheffield_passiv,2.0
457,10835,64138,solar_sheffield_passiv,3.0
458,10837,64141,solar_sheffield_passiv,2.5
459,10838,64147,solar_sheffield_passiv,2.0
460,10840,64157,solar_sheffield_passiv,3.5
461,10841,64177,solar_sheffield_passiv,2.5
462,10842,64201,solar_sheffield_passiv,2.0
463,10843,64218,solar_sheffield_passiv,3.0
464,10890,64498,solar_sheffield_passiv,2.5
465,10929,64698,solar_sheffield_passiv,2.5
466,10973,65297,solar_sheffield_passiv,2.5
467,10975,65338,solar_sheffield_passiv,2.5
468,10976,65360,solar_sheffield_passiv,2.5
469,11040,65545,solar_sheffield_passiv,3.0
470,11042,65547,solar_sheffield_passiv,2.5
471,11175,66015,solar_sheffield_passiv,3.0
472,11176,66017,solar_sheffield_passiv,3.0
473,11287,66417,solar_sheffield_passiv,2.5
474,11438,66735,solar_sheffield_passiv,2.0
475,11465,66783,solar_sheffield_passiv,2.5
476,11494,66897,solar_sheffield_passiv,3.0
477,11522,67060,solar_sheffield_passiv,2.5
478,11573,67338,solar_sheffield_passiv,3.0
479,11591,67437,solar_sheffield_passiv,2.0
480,11628,67678,solar_sheffield_passiv,2.0
481,11656,67897,solar_sheffield_passiv,3.0
482,11657,67938,solar_sheffield_passiv,2.0
483,11685,68101,solar_sheffield_passiv,2.5
484,11687,68106,solar_sheffield_passiv,2.0
485,11811,68381,solar_sheffield_passiv,2.0
486,11865,68499,solar_sheffield_passiv,2.0
487,11895,68677,solar_sheffield_passiv,2.0
488,11987,68927,solar_sheffield_passiv,2.0
489,12013,68998,solar_sheffield_passiv,1.5
490,12035,69069,solar_sheffield_passiv,2.0
491,12091,69180,solar_sheffield_passiv,3.0
492,12092,69184,solar_sheffield_passiv,3.0
493,12314,69487,solar_sheffield_passiv,2.0
494,12451,69884,solar_sheffield_passiv,3.5
495,12495,70044,solar_sheffield_passiv,2.0
496,12647,70463,solar_sheffield_passiv,3.5
497,12761,70636,solar_sheffield_passiv,3.0
498,12772,70710,solar_sheffield_passiv,2.0
499,12826,70804,solar_sheffield_passiv,2.5
500,12847,70839,solar_sheffield_passiv,2.0
501,12860,70870,solar_sheffield_passiv,2.5
502,12887,70901,solar_sheffield_passiv,2.5
503,12919,70957,solar_sheffield_passiv,2.5
504,12920,70958,solar_sheffield_passiv,2.0
505,13012,71097,solar_sheffield_passiv,2.5
506,13052,71177,solar_sheffield_passiv,2.0
507,13057,71197,solar_sheffield_passiv,2.5
508,13308,71797,solar_sheffield_passiv,2.0
509,13309,71875,solar_sheffield_passiv,2.5
510,13310,71880,solar_sheffield_passiv,3.0
511,13311,71881,solar_sheffield_passiv,2.0
512,13388,72006,solar_sheffield_passiv,4.0
513,13389,72017,solar_sheffield_passiv,3.0
514,13498,72597,solar_sheffield_passiv,2.0
515,13499,72598,solar_sheffield_passiv,2.0
516,13570,73017,solar_sheffield_passiv,2.5
517,13641,73237,solar_sheffield_passiv,2.5
518,13670,73379,solar_sheffield_passiv,2.5
519,13767,73757,solar_sheffield_passiv,2.0
520,13768,73764,solar_sheffield_passiv,1.5
521,13769,73766,solar_sheffield_passiv,3.0
522,13773,73837,solar_sheffield_passiv,2.5
523,13811,73977,solar_sheffield_passiv,3.0
524,13817,74120,solar_sheffield_passiv,2.0
525,13840,74218,solar_sheffield_passiv,3.0
526,14316,75918,solar_sheffield_passiv,3.0
527,14394,76138,solar_sheffield_passiv,2.5
528,14453,76558,solar_sheffield_passiv,2.0
529,14467,76697,solar_sheffield_passiv,2.0
530,14531,77038,solar_sheffield_passiv,2.0
531,14577,77297,solar_sheffield_passiv,3.0
532,14649,77720,solar_sheffield_passiv,3.0
533,14650,77737,solar_sheffield_passiv,3.0
534,14657,78018,solar_sheffield_passiv,3.0
535,14672,78437,solar_sheffield_passiv,2.5
536,14673,78438,solar_sheffield_passiv,2.0
537,14674,78439,solar_sheffield_passiv,2.0
538,14757,78700,solar_sheffield_passiv,3.0
539,14859,79517,solar_sheffield_passiv,2.0
540,14861,79557,solar_sheffield_passiv,2.0
541,14924,79719,solar_sheffield_passiv,2.0
542,15051,80378,solar_sheffield_passiv,2.0
543,15359,82432,solar_sheffield_passiv,3.0
544,15721,83534,solar_sheffield_passiv,2.0
545,15765,83676,solar_sheffield_passiv,2.0
546,15830,83817,solar_sheffield_passiv,2.0
547,15846,83870,solar_sheffield_passiv,2.0
548,15850,83884,solar_sheffield_passiv,2.0
549,15851,83887,solar_sheffield_passiv,2.0
550,15852,83917,solar_sheffield_passiv,2.5
551,16216,84883,solar_sheffield_passiv,2.0
552,16267,85074,solar_sheffield_passiv,2.0
553,16298,85157,solar_sheffield_passiv,2.5
554,16364,85491,solar_sheffield_passiv,3.0
555,16474,86377,solar_sheffield_passiv,2.0
556,16480,86387,solar_sheffield_passiv,2.5
557,16570,86958,solar_sheffield_passiv,3.0
558,16597,87257,solar_sheffield_passiv,2.5
559,16717,87683,solar_sheffield_passiv,2.0
560,16769,87882,solar_sheffield_passiv,2.0
561,16770,87884,solar_sheffield_passiv,2.0
562,16921,88637,solar_sheffield_passiv,3.0
563,17035,89088,solar_sheffield_passiv,2.0
564,17166,89622,solar_sheffield_passiv,2.0
565,17333,90382,solar_sheffield_passiv,3.0
566,17465,90838,solar_sheffield_passiv,4.0
567,17878,91672,solar_sheffield_passiv,3.0
568,18128,92742,solar_sheffield_passiv,2.5
569,18161,92836,solar_sheffield_passiv,2.0
570,18249,93097,solar_sheffield_passiv,2.5
571,18873,94961,solar_sheffield_passiv,4.0
572,18989,95344,solar_sheffield_passiv,2.5
573,18990,95345,solar_sheffield_passiv,3.0
574,22335,104717,solar_sheffield_passiv,3.0
575,26774,6195,solar_sheffield_passiv,3.92
576,26775,7045,solar_sheffield_passiv,3.22
577,26780,6480,solar_sheffield_passiv,2.52
578,26781,24460,solar_sheffield_passiv,3.92
579,26782,23488,solar_sheffield_passiv,3.99
580,26783,27768,solar_sheffield_passiv,3.92
581,26784,25226,solar_sheffield_passiv,4.0
582,26785,28529,solar_sheffield_passiv,1.5
583,26787,25207,solar_sheffield_passiv,3.0
584,26788,27089,solar_sheffield_passiv,4.0
585,26792,45807,solar_sheffield_passiv,2.5
586,26794,48600,solar_sheffield_passiv,2.5
587,26795,72039,solar_sheffield_passiv,4.0
588,26796,69007,solar_sheffield_passiv,2.5
589,26799,4985,solar_sheffield_passiv,3.52
590,26800,21966,solar_sheffield_passiv,4.0
591,26801,5419,solar_sheffield_passiv,2.3
592,26804,7076,solar_sheffield_passiv,2.28
593,26805,7176,solar_sheffield_passiv,3.42
594,26806,73762,solar_sheffield_passiv,2.5
595,26809,73360,solar_sheffield_passiv,2.5
596,26810,13003,solar_sheffield_passiv,3.99
597,26811,73769,solar_sheffield_passiv,2.0
598,26812,73772,solar_sheffield_passiv,2.5
599,26813,7081,solar_sheffield_passiv,3.23
600,26816,5533,solar_sheffield_passiv,1.85
601,26818,22735,solar_sheffield_passiv,4.0
602,26822,27429,solar_sheffield_passiv,4.0
603,26824,31787,solar_sheffield_passiv,4.0
604,26827,25425,solar_sheffield_passiv,1.5
605,26828,29729,solar_sheffield_passiv,2.94
606,26829,29890,solar_sheffield_passiv,4.0
607,26832,59617,solar_sheffield_passiv,2.0
608,26835,41145,solar_sheffield_passiv,3.0
609,26836,37652,solar_sheffield_passiv,2.5
610,26838,68551,solar_sheffield_passiv,2.0
611,26839,68557,solar_sheffield_passiv,2.0
612,26845,48147,solar_sheffield_passiv,4.0
613,26846,3941,solar_sheffield_passiv,4.0
614,26848,21428,solar_sheffield_passiv,3.99
615,26852,10975,solar_sheffield_passiv,1.44
616,26853,21869,solar_sheffield_passiv,3.84
617,26854,10201,solar_sheffield_passiv,3.99
618,26858,9665,solar_sheffield_passiv,3.99
619,26861,24027,solar_sheffield_passiv,3.15
620,26862,24270,solar_sheffield_passiv,1.44
621,26863,31730,solar_sheffield_passiv,3.84
622,26867,26268,solar_sheffield_passiv,4.0
623,26869,37049,solar_sheffield_passiv,2.5
624,26871,59903,solar_sheffield_passiv,3.5
625,26873,87885,solar_sheffield_passiv,2.0
626,26874,34537,solar_sheffield_passiv,4.0
627,26875,79754,solar_sheffield_passiv,2.25
628,26876,5460,solar_sheffield_passiv,3.33
629,26881,7895,solar_sheffield_passiv,3.6
630,26882,8752,solar_sheffield_passiv,2.66
631,26884,10364,solar_sheffield_passiv,3.84
632,26889,5035,solar_sheffield_passiv,2.45
633,26890,21866,solar_sheffield_passiv,1.56
634,26892,23291,solar_sheffield_passiv,3.5
635,26893,23892,solar_sheffield_passiv,3.99
636,26894,28196,solar_sheffield_passiv,2.5
637,26895,28374,solar_sheffield_passiv,1.5
638,26896,26067,solar_sheffield_passiv,4.0
639,26900,29812,solar_sheffield_passiv,4.0
640,26901,49677,solar_sheffield_passiv,2.0
641,26903,39606,solar_sheffield_passiv,4.0
642,26904,57163,solar_sheffield_passiv,2.5
643,26905,44185,solar_sheffield_passiv,2.5
644,26906,44205,solar_sheffield_passiv,2.5
645,26908,57604,solar_sheffield_passiv,3.0
646,26909,58019,solar_sheffield_passiv,2.0
647,26911,56058,solar_sheffield_passiv,4.0
648,26912,64181,solar_sheffield_passiv,2.5
649,26913,70954,solar_sheffield_passiv,2.0
650,26914,70680,solar_sheffield_passiv,2.0
651,26917,66057,solar_sheffield_passiv,2.0
652,26918,66877,solar_sheffield_passiv,2.0
653,26919,66862,solar_sheffield_passiv,2.5
654,26920,68556,solar_sheffield_passiv,2.5
655,26922,4463,solar_sheffield_passiv,3.24
656,26924,4981,solar_sheffield_passiv,1.8
657,26925,5432,solar_sheffield_passiv,3.92
658,26927,6768,solar_sheffield_passiv,2.66
659,26928,6827,solar_sheffield_passiv,3.99
660,26930,21956,solar_sheffield_passiv,2.5
661,26932,19296,solar_sheffield_passiv,3.04
662,26933,20607,solar_sheffield_passiv,3.92
663,26934,5181,solar_sheffield_passiv,3.0
664,26938,4970,solar_sheffield_passiv,4.0
665,26940,6174,solar_sheffield_passiv,1.48
666,26941,22708,solar_sheffield_passiv,4.0
667,26942,24129,solar_sheffield_passiv,2.94
668,26944,28366,solar_sheffield_passiv,2.94
669,26953,25140,solar_sheffield_passiv,1.5
670,26956,47566,solar_sheffield_passiv,2.0
671,26957,46026,solar_sheffield_passiv,2.5
672,26958,36106,solar_sheffield_passiv,2.5
673,26959,36593,solar_sheffield_passiv,3.0
674,26960,43685,solar_sheffield_passiv,2.5
675,26963,59619,solar_sheffield_passiv,2.5
676,26965,57162,solar_sheffield_passiv,2.0
677,26966,62437,solar_sheffield_passiv,25.0
678,26967,80498,solar_sheffield_passiv,4.0
679,26968,78937,solar_sheffield_passiv,2.0
680,26970,83018,solar_sheffield_passiv,1.5
681,26972,6284,solar_sheffield_passiv,1.84
682,26974,17952,solar_sheffield_passiv,3.99
683,26975,10828,solar_sheffield_passiv,3.99
684,26977,9322,solar_sheffield_passiv,2.82
685,26979,22704,solar_sheffield_passiv,2.5
686,26980,7406,solar_sheffield_passiv,3.99
687,26981,21027,solar_sheffield_passiv,3.99
688,26985,27972,solar_sheffield_passiv,4.0
689,26986,24815,solar_sheffield_passiv,2.0
690,26987,28955,solar_sheffield_passiv,1.5
691,26990,29529,solar_sheffield_passiv,3.92
692,26991,30352,solar_sheffield_passiv,4.0
693,26993,39826,solar_sheffield_passiv,2.0
694,26995,5039,solar_sheffield_passiv,3.0
695,26996,4790,solar_sheffield_passiv,4.0
696,26997,4880,solar_sheffield_passiv,2.3
697,26999,6074,solar_sheffield_passiv,3.33
698,27000,6213,solar_sheffield_passiv,3.96
699,27002,19563,solar_sheffield_passiv,3.92
700,27003,13386,solar_sheffield_passiv,3.84
701,27007,22187,solar_sheffield_passiv,3.0
702,27008,22243,solar_sheffield_passiv,4.0
703,27009,18676,solar_sheffield_passiv,3.99
704,27012,16223,solar_sheffield_passiv,3.99
705,27016,23366,solar_sheffield_passiv,4.0
706,27017,24414,solar_sheffield_passiv,2.94
707,27018,24454,solar_sheffield_passiv,3.92
708,27020,25545,solar_sheffield_passiv,1.5
709,27022,30602,solar_sheffield_passiv,4.0
710,27023,31546,solar_sheffield_passiv,4.0
711,27024,31505,solar_sheffield_passiv,4.0
712,27025,44688,solar_sheffield_passiv,3.0
713,27028,38425,solar_sheffield_passiv,3.0
714,27029,58039,solar_sheffield_passiv,2.0
715,27030,40805,solar_sheffield_passiv,4.0
716,27031,55257,solar_sheffield_passiv,2.0
717,27033,65198,solar_sheffield_passiv,3.5
718,27034,41065,solar_sheffield_passiv,4.0
719,27035,4468,solar_sheffield_passiv,1.8
720,27036,4396,solar_sheffield_passiv,2.94
721,27041,4851,solar_sheffield_passiv,3.24
722,27042,5811,solar_sheffield_passiv,3.25
723,27043,7130,solar_sheffield_passiv,1.9
724,27045,21722,solar_sheffield_passiv,2.64
725,27046,9462,solar_sheffield_passiv,3.995
726,27047,5037,solar_sheffield_passiv,2.76
727,27049,5429,solar_sheffield_passiv,3.33
728,27050,21951,solar_sheffield_passiv,3.04
729,27051,16943,solar_sheffield_passiv,2.925
730,27052,7063,solar_sheffield_passiv,2.28
731,27053,6904,solar_sheffield_passiv,2.45
732,27054,29148,solar_sheffield_passiv,2.0
733,27055,23789,solar_sheffield_passiv,4.0
734,27056,27693,solar_sheffield_passiv,2.5
735,27058,26190,solar_sheffield_passiv,1.5
736,27064,56959,solar_sheffield_passiv,2.0
737,27065,43125,solar_sheffield_passiv,4.0
738,27066,41126,solar_sheffield_passiv,4.0
